{
    "client_id": "<client_id>",
    "client_secret": "<client_secret>",
    "discord_token": "<discord_token>",
    "grab_past_flag": 1,
    "check_past_on_boot": true,
    "init_spotify_flag": false,
    "installed_features": {
        "database": false,
        "leaderboard": true,
        "item 3": true,
        "item 4": false
    },
    "playlist_channel": [
        {
            "playlist": "<playlist_link>",
            "channel": "<discord_channel_id>"
        },
        {
            "playlist": "<playlist_link>",
            "channel": "<discord_channel_id>"
        },
        {
            "playlist": "<playlist_link>",
            "channel": "<discord_channel_id>"
        }
    ]
}
